{"xgboost": {"cv_auc_mean": 0.838, "cv_auc_std": 0.0855, "classification_report": {"0": {"precision": 1.0, "recall": 1.0, "f1-score": 1.0, "support": 453.0}, "1": {"precision": 1.0, "recall": 1.0, "f1-score": 1.0, "support": 47.0}, "accuracy": 1.0, "macro avg": {"precision": 1.0, "recall": 1.0, "f1-score": 1.0, "support": 500.0}, "weighted avg": {"precision": 1.0, "recall": 1.0, "f1-score": 1.0, "support": 500.0}}}, "random_forest": {"cv_auc_mean": 0.8602, "cv_auc_std": 0.095, "classification_report": {"0": {"precision": 1.0, "recall": 1.0, "f1-score": 1.0, "support": 453.0}, "1": {"precision": 1.0, "recall": 1.0, "f1-score": 1.0, "support": 47.0}, "accuracy": 1.0, "macro avg": {"precision": 1.0, "recall": 1.0, "f1-score": 1.0, "support": 500.0}, "weighted avg": {"precision": 1.0, "recall": 1.0, "f1-score": 1.0, "support": 500.0}}}, "isolation_forest": {"auc": 0.8256, "classification_report": {"0": {"precision": 0.9533333333333334, "recall": 0.9470198675496688, "f1-score": 0.9501661129568106, "support": 453.0}, "1": {"precision": 0.52, "recall": 0.5531914893617021, "f1-score": 0.5360824742268041, "support": 47.0}, "accuracy": 0.91, "macro avg": {"precision": 0.7366666666666667, "recall": 0.7501056784556854, "f1-score": 0.7431242935918074, "support": 500.0}, "weighted avg": {"precision": 0.9126000000000001, "recall": 0.91, "f1-score": 0.91124225091619, "support": 500.0}}}}